Expected Return,Volatility,Sharpe Ratio,Sortino Ratio
0.0018298488422133412,0.028135254836705023,0.06503757839883274,0.09389041311152561
