Stock,Weight
AAPL,0.0500000000000006
GOOGL,0.2999999999999997
MSFT,0.05
TSLA,0.6
