Stock,Weight
<<<<<<< HEAD
AAPL,0.05000000000000018
GOOGL,0.29999999999999966
MSFT,0.050000000000000114
TSLA,0.6
=======
AAPL,0.05000000000000014
GOOGL,0.29999999999999943
MSFT,0.05000000000000076
TSLA,0.5999999999999996
>>>>>>> fb31291 (Added diversification constraint (max 40% per stock))
