Stock,Weight
AAPL,0.05000000000000018
GOOGL,0.29999999999999966
MSFT,0.050000000000000114
TSLA,0.6
