Stock,Predicted_Return
AAPL,-0.004701523911549177
GOOGL,0.005408177744434039
MSFT,0.0016898679839489046
TSLA,-0.0011327262378752008
