Stock,Predicted_Return
<<<<<<< HEAD
AAPL,-0.004701546327409075
GOOGL,0.005408185707766222
MSFT,0.001689879445777506
TSLA,-0.0011327260960179897
=======
AAPL,-0.004701543396990536
GOOGL,0.005408170006052854
MSFT,0.0016898422652191958
TSLA,-0.001132725434998445
>>>>>>> fb31291 (Added diversification constraint (max 40% per stock))
