Stock,Predicted_Return
AAPL,0.002448744013318371
GOOGL,-0.0021095691507160923
MSFT,0.0025622994923066482
TSLA,-0.012670070882108381
AAPL,0.0024744188459374515
GOOGL,-0.00224038519050019
MSFT,0.0024367730972256483
TSLA,-0.012454451191341209
