Stock,Predicted_Return

AAPL,-0.004701546327409075
GOOGL,0.005408185707766222
MSFT,0.001689879445777506
TSLA,-0.0011327260960179897


