Stock,Predicted_Return
AAPL,0.002620184055057807
GOOGL,-0.0020703201671332765
MSFT,0.002506826451613342
TSLA,-0.01250990580300633
