Stock,Predicted_Return
AAPL,0.0023796040914143683
GOOGL,-0.0022136559007775655
MSFT,0.0026874154867226525
TSLA,-0.01263411963782166
