Stock,Predicted_Return
<<<<<<< HEAD
AAPL,0.002620184055057807
GOOGL,-0.0020703201671332765
MSFT,0.002506826451613342
TSLA,-0.01250990580300633
=======

AAPL,-0.004701546327409075
GOOGL,0.005408185707766222
MSFT,0.001689879445777506
TSLA,-0.0011327260960179897


>>>>>>> efa630d047e8a80e74b06ce86a741bd1ca27e442
